timestamp_sec,pid,cpu_percent,rss_kb,vsz_kb,comm,args
1779092461,851568,1.4,17776,20540,timefence-epbf,/home/sudri/k-sentry/timefence-epbf/target/release/timefence-epbf
1779092462,851568,0.9,17776,20540,timefence-epbf,/home/sudri/k-sentry/timefence-epbf/target/release/timefence-epbf
1779092463,851568,0.7,17776,20540,timefence-epbf,/home/sudri/k-sentry/timefence-epbf/target/release/timefence-epbf
1779092464,851568,0.5,17776,20540,timefence-epbf,/home/sudri/k-sentry/timefence-epbf/target/release/timefence-epbf
1779092465,851568,0.4,17776,20540,timefence-epbf,/home/sudri/k-sentry/timefence-epbf/target/release/timefence-epbf
1779092466,851568,0.4,17776,20540,timefence-epbf,/home/sudri/k-sentry/timefence-epbf/target/release/timefence-epbf
1779092467,851568,0.3,17776,20540,timefence-epbf,/home/sudri/k-sentry/timefence-epbf/target/release/timefence-epbf
1779092467,851568,0.3,17776,20540,timefence-epbf,/home/sudri/k-sentry/timefence-epbf/target/release/timefence-epbf
1779092468,851568,0.2,17776,20540,timefence-epbf,/home/sudri/k-sentry/timefence-epbf/target/release/timefence-epbf
1779092469,851568,0.2,17776,20540,timefence-epbf,/home/sudri/k-sentry/timefence-epbf/target/release/timefence-epbf
1779092470,851568,0.2,17776,20540,timefence-epbf,/home/sudri/k-sentry/timefence-epbf/target/release/timefence-epbf
1779092471,851568,0.2,17776,20540,timefence-epbf,/home/sudri/k-sentry/timefence-epbf/target/release/timefence-epbf
1779092472,851568,0.2,17776,20540,timefence-epbf,/home/sudri/k-sentry/timefence-epbf/target/release/timefence-epbf
1779092473,851568,0.2,17776,20540,timefence-epbf,/home/sudri/k-sentry/timefence-epbf/target/release/timefence-epbf
1779092474,851568,0.2,17776,20540,timefence-epbf,/home/sudri/k-sentry/timefence-epbf/target/release/timefence-epbf
1779092475,851568,0.2,17776,20540,timefence-epbf,/home/sudri/k-sentry/timefence-epbf/target/release/timefence-epbf
1779092477,851568,0.2,17776,20540,timefence-epbf,/home/sudri/k-sentry/timefence-epbf/target/release/timefence-epbf
1779092478,851568,0.2,17776,20540,timefence-epbf,/home/sudri/k-sentry/timefence-epbf/target/release/timefence-epbf
1779092479,851568,0.1,17776,20540,timefence-epbf,/home/sudri/k-sentry/timefence-epbf/target/release/timefence-epbf
1779092480,851568,0.1,17776,20540,timefence-epbf,/home/sudri/k-sentry/timefence-epbf/target/release/timefence-epbf
